Tipo_Estacao,Local_Nome_Estacao,Contagem,Média,Mediana,Desvio Padrão,Mínimo,Máximo,Valores Nulos,% Nulos
automatica,ABROLHOS,72,5.66,5.35,1.0,4.1,8.2,82,53.25
automatica,ACARAU,110,3.21,3.3,1.16,0.1,5.0,44,28.57
automatica,AFONSO CLAUDIO,132,1.95,1.95,0.3,1.4,2.7,22,14.29
automatica,AGUA BOA,88,2.31,2.3,0.39,1.4,3.3,66,42.86
automatica,AGUA CLARA,152,1.24,1.2,0.21,0.7,1.9,2,1.3
automatica,AGUAS EMENDADAS,149,1.95,1.9,0.31,1.4,3.2,5,3.25
automatica,AGUAS VERMELHAS,130,1.99,2.0,0.52,0.0,3.4,24,15.58
automatica,AIMORES,116,2.7,2.65,0.53,1.9,4.0,38,24.68
automatica,ALEGRE,145,1.38,1.4,0.19,1.0,1.9,9,5.84
automatica,ALEGRETE,140,2.04,2.0,0.32,1.4,2.9,14,9.09
automatica,ALFREDO CHAVES,139,1.89,1.9,0.24,1.4,2.7,15,9.74
automatica,ALMAS,71,1.51,1.5,0.22,1.1,2.1,33,31.73
automatica,ALMENARA,141,1.52,1.4,0.48,0.7,2.7,13,8.44
automatica,ALTA FLORESTA,101,1.39,1.4,0.17,1.0,1.9,53,34.42
automatica,ALTAMIRA,45,0.9,0.9,0.16,0.6,1.3,28,38.36
automatica,ALTO ARAGUAIA,52,2.34,2.3,0.21,2.0,2.8,102,66.23
automatica,ALTO PARAISO DE GOIAS,129,1.98,2.0,0.5,0.2,3.7,25,16.23
automatica,ALTO PARNAIBA,129,0.88,0.9,0.24,0.2,1.6,25,16.23
automatica,ALTO TAQUARI,137,2.36,2.4,0.4,0.2,3.2,17,11.04
automatica,ALVORADA DO GURGUEIA,107,1.78,1.8,0.43,1.0,3.0,47,30.52
automatica,AMAMBAI,107,1.65,1.5,0.42,0.8,2.9,47,30.52
automatica,AMARGOSA,140,1.66,1.4,0.88,0.2,3.6,14,9.09
automatica,ANGICAL DO PIAUI,23,1.06,1.0,0.2,0.8,1.4,37,61.67
automatica,ANGRA DOS REIS,66,0.65,0.6,0.18,0.3,1.2,21,24.14
automatica,APIACAS,84,0.69,0.7,0.26,0.0,1.2,70,45.45
automatica,APODI,112,2.71,2.9,1.01,0.1,4.2,42,27.27
automatica,APUI,81,0.64,0.5,0.22,0.3,1.1,73,47.4
automatica,AQUIDAUANA,89,1.02,1.0,0.33,0.3,1.8,65,42.21
automatica,ARACAJU,132,2.56,2.6,0.95,0.0,4.7,22,14.29
automatica,ARACUAI,82,1.35,1.2,0.53,0.6,2.8,8,8.89
automatica,ARAGARCAS,112,1.21,1.2,0.16,0.8,1.5,42,27.27
automatica,ARAGUACU,84,1.76,1.8,0.21,1.3,2.3,27,24.32
automatica,ARAGUAINA,103,0.46,0.4,0.32,0.0,1.4,51,33.12
automatica,ARAGUATINS,97,1.57,1.5,0.17,1.3,2.0,57,37.01
automatica,ARAPIRACA,100,2.08,2.1,0.94,0.2,3.9,54,35.06
automatica,ARARANGUA,135,2.14,2.1,0.41,1.0,3.0,19,12.34
automatica,ARAXA,153,2.45,2.4,0.36,1.7,3.7,1,0.65
automatica,ARCO VERDE,120,3.35,3.4,0.51,1.9,4.6,34,22.08
automatica,AREIA,137,3.65,3.9,1.07,0.0,5.2,17,11.04
automatica,AREMBEPE,19,5.98,5.9,0.63,4.8,7.6,3,13.64
automatica,ARIQUEMES,68,1.36,1.4,0.18,0.8,1.7,86,55.84
automatica,ARIRANHA,113,1.6,1.6,0.46,0.3,2.5,41,26.62
automatica,ARQ.SAO PEDRO E SAO PAULO,9,5.54,6.0,1.0,4.3,6.6,103,91.96
automatica,ARRAIAL DO CABO,140,4.78,4.75,0.9,3.0,7.2,14,9.09
automatica,AUTAZES,0,,,,,,154,100.0
automatica,AVARE,106,2.15,2.15,0.59,0.2,3.3,48,31.17
automatica,BACABAL,117,1.05,1.0,0.35,0.4,1.8,37,24.03
automatica,BAGE,138,3.36,3.4,0.64,0.7,4.4,16,10.39
automatica,BAIXA GRANDE DO RIBEIRO,42,2.04,1.9,0.66,1.0,3.6,38,47.5
automatica,BALSAS,99,1.22,1.2,0.42,0.1,2.5,55,35.71
automatica,BAMBUI,87,1.29,1.3,0.21,0.9,1.9,9,9.38
automatica,BARBACENA,142,1.46,1.9,0.92,0.0,2.8,12,7.79
automatica,BARBALHA,97,1.71,1.7,0.44,1.0,3.1,57,37.01
automatica,BARCELOS,91,0.77,0.8,0.23,0.1,1.4,63,40.91
automatica,BARRA,131,1.82,1.7,0.44,1.1,3.1,23,14.94
automatica,BARRA BONITA,113,2.08,2.2,0.88,0.0,3.8,41,26.62
automatica,BARRA DO CORDA,109,1.28,1.3,0.3,0.8,2.0,45,29.22
automatica,BARRA DO TURVO,123,0.6,0.6,0.27,0.0,1.2,31,20.13
automatica,BARREIRAS,144,1.14,1.4,0.77,0.0,2.6,10,6.49
automatica,BARRETOS,139,1.18,1.1,0.17,0.9,1.6,15,9.74
automatica,BARUERI,114,1.39,1.6,0.56,0.0,2.2,40,25.97
automatica,BATAGUASSU,109,3.14,3.2,0.43,2.4,4.1,31,22.14
automatica,BAURU,143,1.38,1.4,0.32,0.5,2.1,11,7.14
automatica,BEBEDOURO,64,1.84,1.9,0.42,1.1,2.6,33,34.02
automatica,BELA VISTA,88,1.86,1.9,0.27,1.4,2.5,46,34.33
automatica,BELEM,146,0.81,0.8,0.24,0.0,1.7,8,5.19
automatica,BELMONTE,119,1.6,1.6,0.24,1.1,2.4,35,22.73
automatica,BELO HORIZONTE (PAMPULHA),154,1.87,1.9,0.41,1.1,2.9,0,0.0
automatica,BENTO GONCALVES,148,2.81,2.8,0.26,2.1,3.6,6,3.9
automatica,BERTIOGA,50,1.36,1.4,0.13,1.1,1.6,44,46.81
automatica,BOA VISTA,27,1.92,1.9,0.52,1.2,2.9,127,82.47
automatica,BOCA DO ACRE,105,1.1,1.1,0.14,0.7,1.4,49,31.82
automatica,BOM JARDIM DA SERRA - MORRO DA IGREJA,107,7.32,7.1,1.13,5.0,9.9,47,30.52
automatica,BOM JESUS DA LAPA,114,1.34,1.4,0.36,0.4,2.2,40,25.97
automatica,BOM JESUS DO PIAUI,134,1.01,0.95,0.88,0.0,3.0,20,12.99
automatica,BRAGANCA,132,1.38,1.4,0.74,0.0,3.1,22,14.29
automatica,BRAGANCA PAULISTA,74,1.77,1.75,0.35,1.1,3.2,9,10.84
automatica,BRASILIA,154,2.25,2.2,0.29,1.6,3.5,0,0.0
automatica,BRASNORTE (NOVO MUNDO),98,1.38,1.6,0.92,0.1,3.3,56,36.36
automatica,BRAZLANDIA,86,2.21,2.2,0.43,1.4,3.6,2,2.27
automatica,BREJO GRANDE,104,1.74,1.7,0.57,0.0,3.1,50,32.47
automatica,BREVES,29,0.96,0.9,0.08,0.9,1.1,56,65.88
automatica,BRUMADO,150,1.49,1.4,0.4,0.5,2.5,4,2.6
automatica,BURITICUPU,89,2.28,2.2,0.44,1.5,3.3,65,42.21
automatica,BURITIRAMA,111,1.53,1.5,0.9,0.0,3.4,43,27.92
automatica,BURITIS,116,2.54,2.6,0.46,1.3,3.7,38,24.68
automatica,CABACEIRAS,138,2.42,2.65,1.05,0.1,4.1,16,10.39
automatica,CABROBO,136,2.25,2.05,1.37,0.1,4.8,18,11.69
automatica,CACADOR,148,1.09,1.25,0.69,0.0,2.4,6,3.9
automatica,CACAPAVA DO SUL,112,3.86,3.85,0.37,2.9,4.8,42,27.27
automatica,CACERES,89,1.34,1.3,0.13,1.1,1.7,18,16.82
automatica,CACHOEIRA PAULISTA,68,1.11,1.15,0.47,0.2,2.1,17,20.0
automatica,CACOAL,120,1.34,1.3,0.09,1.1,1.6,34,22.08
automatica,CAIAPONIA,130,1.33,1.5,0.43,0.0,2.1,24,15.58
automatica,CAICO,102,2.96,3.0,0.68,1.5,4.1,52,33.77
automatica,CALCANHAR,53,6.94,7.2,1.8,0.0,8.7,101,65.58
automatica,CALDAS,151,0.82,0.8,0.25,0.1,1.3,3,1.95
automatica,CAMAQUA,137,0.78,0.7,0.42,0.1,1.8,17,11.04
automatica,CAMARATUBA,119,1.86,1.6,1.16,0.1,4.3,35,22.73
automatica,CAMBARA DO SUL,91,2.96,3.0,0.22,2.4,3.4,5,5.21
automatica,CAMBUCI,136,1.09,1.1,0.31,0.5,2.0,18,11.69
automatica,CAMETA,80,1.82,1.7,0.29,1.4,2.4,74,48.05
automatica,CAMPINA GRANDE,137,3.35,3.4,0.61,1.9,4.6,17,11.04
automatica,CAMPINA VERDE,135,1.72,1.8,0.32,0.9,2.5,19,12.34
automatica,CAMPO BOM,131,1.21,1.2,0.19,0.8,1.7,1,0.76
automatica,CAMPO GRANDE,152,2.75,2.8,0.84,0.5,4.3,2,1.3
automatica,CAMPO MAIOR,34,1.51,1.55,0.54,0.2,2.3,38,52.78
automatica,CAMPO NOVO DOS PARECIS,104,1.63,1.6,0.23,1.2,2.4,50,32.47
automatica,CAMPO VERDE,118,2.67,2.7,0.37,1.4,3.8,36,23.38
automatica,CAMPOS DO JORDAO,60,1.23,1.2,0.16,1.0,1.6,94,61.04
automatica,CAMPOS DOS GOYTACAZES,141,2.98,2.9,0.54,2.0,4.5,13,8.44
automatica,CAMPOS DOS GOYTACAZES - SAO TOME,131,3.45,3.6,1.29,0.0,5.7,23,14.94
automatica,CAMPOS LINDOS,57,1.92,1.9,0.23,1.6,2.5,88,60.69
automatica,CAMPOS NOVOS,67,3.46,3.4,0.43,2.8,4.3,2,2.9
automatica,CAMPOS SALES,99,2.02,2.2,1.36,0.0,4.7,55,35.71
automatica,CANELA,113,2.87,2.9,0.32,2.1,3.7,41,26.62
automatica,CANGUCU,142,4.59,4.5,0.43,3.6,5.8,12,7.79
automatica,CANTO DO BURITI,133,2.57,2.5,0.63,1.6,4.4,21,13.64
automatica,CAPAO DO LEAO (PELOTAS),61,3.23,3.2,0.39,2.4,4.1,3,4.69
automatica,CAPELINHA,139,1.93,1.9,0.42,1.1,3.2,15,9.74
automatica,CAPITAO POCO,112,1.85,1.8,0.39,1.2,2.7,42,27.27
automatica,CARACOL,117,2.11,2.0,0.56,1.2,4.1,37,24.03
automatica,CARATINGA,139,1.46,1.5,0.38,0.5,2.7,15,9.74
automatica,CARAVELAS,116,2.71,2.6,0.72,1.1,5.0,38,24.68
automatica,CARIRA,97,2.63,2.6,1.26,0.0,5.0,32,24.81
automatica,CARLINDA,111,1.07,1.1,0.43,0.2,2.0,43,27.92
automatica,CARMO,70,0.91,0.9,0.13,0.7,1.1,3,4.11
automatica,CAROLINA,132,1.08,1.1,0.36,0.1,1.7,22,14.29
automatica,CARUARU,115,3.0,3.0,0.46,2.1,4.3,39,25.32
automatica,CASA BRANCA,131,1.43,1.4,0.27,0.8,2.2,23,14.94
automatica,CASSILANDIA,123,1.25,1.3,0.35,0.0,1.9,31,20.13
automatica,CASTANHAL,118,0.95,0.8,0.82,0.0,2.9,36,23.38
automatica,CASTELO DO PIAUI,109,1.93,1.9,0.44,1.1,2.8,45,29.22
automatica,CASTRO,114,1.44,1.4,0.3,0.8,2.1,40,25.97
automatica,CATALAO,146,1.81,1.8,0.46,0.4,2.9,8,5.19
automatica,CAXIAS,112,1.29,1.2,0.19,0.9,1.8,42,27.27
automatica,CHAPADA GAUCHA,136,2.66,2.7,0.46,1.4,3.9,18,11.69
automatica,CHAPADAO DO SUL,114,1.98,2.1,0.58,0.4,3.1,40,25.97
automatica,CHAPADINHA,111,1.82,1.8,0.28,1.3,2.6,43,27.92
automatica,CHAPECO,67,3.44,3.4,0.37,2.7,4.3,2,2.9
automatica,CIDADE GAUCHA,114,1.53,1.65,0.57,0.2,2.6,40,25.97
automatica,CLEVELANDIA,106,3.48,3.4,0.37,2.5,4.6,48,31.17
automatica,COARI,88,1.17,1.2,0.24,0.0,1.7,66,42.86
automatica,COLINAS,121,0.9,0.9,0.34,0.1,2.0,33,21.43
automatica,COLINAS DO TOCANTINS,82,1.55,1.5,0.2,1.1,2.1,14,14.58
automatica,COMODORO,118,1.26,1.3,0.3,0.2,1.9,36,23.38
automatica,CONCEICAO DAS ALAGOAS,146,1.94,2.1,0.72,0.2,3.1,8,5.19
automatica,CONCEICAO DO ARAGUAIA,134,1.34,1.3,0.12,1.1,1.7,20,12.99
automatica,CONDE,109,2.73,3.1,1.11,0.1,4.4,45,29.22
automatica,CONFRESA,57,1.4,1.4,0.24,0.9,1.8,18,24.0
automatica,CORONEL PACHECO,141,1.36,1.4,0.16,1.1,1.8,4,2.76
automatica,CORRENTE,61,1.47,1.4,0.24,1.1,2.1,19,23.75
automatica,CORRENTINA,131,1.49,1.4,0.22,1.1,2.2,23,14.94
automatica,CORUMBA,114,1.56,1.7,0.69,0.2,3.0,40,25.97
automatica,CORURIPE,130,2.31,2.3,0.26,1.7,3.3,24,15.58
automatica,COSTA RICA,137,3.27,3.2,0.37,2.5,4.0,6,4.2
automatica,COTRIGUACU,100,1.11,1.1,0.16,0.4,1.5,54,35.06
automatica,COXIM,128,0.89,0.9,0.39,0.0,1.8,26,16.88
automatica,CRATEUS,140,2.07,2.1,0.45,0.6,3.1,14,9.09
automatica,CRISTALINA,154,2.02,2.4,1.12,0.0,3.7,0,0.0
automatica,CRISTALINA (FAZENDA SANTA MONICA),79,1.92,1.9,0.4,1.0,2.7,3,3.66
automatica,CRUZ ALTA,149,2.61,2.9,1.04,0.2,4.3,5,3.25
automatica,CRUZ DAS ALMAS,120,2.26,2.45,0.63,0.6,3.2,34,22.08
automatica,CRUZEIRO DO SUL,56,0.91,0.9,0.11,0.6,1.1,58,50.88
automatica,CUIABA,131,1.61,1.6,0.22,1.1,2.1,23,14.94
automatica,CURACA,80,3.09,3.2,0.51,2.0,4.2,31,27.93
automatica,CURITIBA,148,1.87,1.9,0.27,1.2,2.4,6,3.9
automatica,CURITIBANOS,141,2.57,2.7,0.76,0.3,4.0,13,8.44
automatica,CURVELO,137,1.59,1.5,0.34,0.9,2.5,17,11.04
automatica,DELFINO,111,2.54,2.6,0.48,1.2,3.7,43,27.92
automatica,DIAMANTE DO NORTE,118,2.01,2.3,0.85,0.3,3.6,36,23.38
automatica,DIAMANTINA,146,2.94,3.0,0.48,1.9,5.0,8,5.19
automatica,DIANOPOLIS,141,2.49,2.4,1.02,0.1,4.8,13,8.44
automatica,DIONISIO CERQUEIRA,133,2.96,3.1,1.11,0.0,4.7,21,13.64
automatica,DIVINOPOLIS,65,2.05,2.0,0.19,1.7,2.5,20,23.53
automatica,DOIS VIZINHOS,117,1.86,2.1,0.79,0.2,3.2,37,24.03
automatica,DOM ELISEU,77,1.81,1.8,0.27,1.3,2.4,3,3.75
automatica,DOM PEDRITO,123,3.44,3.5,0.43,2.5,4.5,31,20.13
automatica,DORES DO INDAIA,143,1.7,1.7,0.58,0.0,2.8,11,7.14
automatica,DOURADOS,116,2.14,2.2,0.67,0.1,3.1,38,24.68
automatica,DRACENA,58,2.84,2.9,0.37,2.2,3.6,38,39.58
automatica,DUQUE DE CAXIAS - XEREM,148,0.7,0.7,0.16,0.0,1.1,6,3.9
automatica,ECOPORANGA,54,1.87,1.85,0.31,1.3,2.4,38,41.3
automatica,EDEIA,73,1.75,1.7,0.47,0.9,3.2,14,16.09
automatica,EIRUNEPE,4,0.85,0.85,0.06,0.8,0.9,143,97.28
automatica,ENCRUZILHADA DO SUL,71,2.67,2.7,0.25,2.0,3.2,9,11.25
automatica,EPITACIOLANDIA,105,0.94,0.9,0.07,0.8,1.1,49,31.82
automatica,ERECHIM,131,1.7,1.9,0.71,0.0,2.7,23,14.94
automatica,ESPERANTINA,78,1.18,1.15,0.52,0.2,2.4,5,6.02
automatica,ESPINOSA,91,2.66,2.6,0.6,1.5,4.3,63,40.91
automatica,ESTREITO,124,0.91,0.9,0.39,0.0,1.8,30,19.48
automatica,EUCLIDES DA CUNHA,97,3.01,3.0,0.52,2.1,4.2,57,37.01
automatica,FACULDADE DA TERRA DE BRASILIA,13,3.58,3.5,0.49,2.9,4.7,1,7.14
automatica,FAROL de SANTANA,58,3.38,3.35,0.5,2.3,4.2,96,62.34
automatica,FEIJO,96,1.37,1.4,0.1,1.1,1.6,58,37.66
automatica,FEIRA DE SANTANA,120,2.41,2.3,0.3,1.9,3.0,34,22.08
automatica,FLORESTA,134,3.05,3.1,0.47,1.9,4.0,20,12.99
automatica,FLORESTAL,150,0.77,0.7,0.2,0.4,1.3,4,2.6
automatica,FLORIANO,109,1.3,1.1,0.58,0.4,3.3,45,29.22
automatica,FLORIANOPOLIS,149,1.56,1.7,0.57,0.4,2.5,5,3.25
automatica,FORMIGA,143,1.66,1.6,0.36,0.9,2.5,11,7.14
automatica,FORMOSA DO RIO PRETO,75,1.24,1.2,0.22,0.9,2.0,26,25.74
automatica,FORMOSO DO ARAGUAIA,128,1.66,1.6,0.31,1.0,2.7,26,16.88
automatica,FORTALEZA,133,2.52,2.5,0.7,1.1,3.8,21,13.64
automatica,FOZ DO IGUACU,115,2.45,2.6,0.76,0.3,4.0,39,25.32
automatica,FRANCA,145,1.87,1.9,0.36,0.9,2.6,9,5.84
automatica,FREDERICO WESTPHALEN,149,1.34,1.4,0.6,0.0,2.4,5,3.25
automatica,GAMA (PONTE ALTA),119,2.25,2.1,0.44,1.6,4.2,3,2.46
automatica,GARANHUNS,135,2.12,2.2,1.06,0.0,4.8,19,12.34
automatica,GAUCHA DO NORTE,117,1.04,1.1,0.3,0.0,1.6,37,24.03
automatica,GENERAL CARNEIRO,136,0.91,0.8,0.29,0.3,1.9,18,11.69
automatica,GILBUES,119,2.24,2.0,0.65,1.3,4.0,35,22.73
automatica,GOIANESIA,129,1.01,1.0,0.35,0.3,2.0,25,16.23
automatica,GOIANIA,154,1.11,1.1,0.25,0.7,2.3,0,0.0
automatica,GOIAS,143,1.05,1.0,0.43,0.0,2.3,11,7.14
automatica,GOIOERE,59,2.21,2.2,0.31,1.6,2.9,95,61.69
automatica,GOVERNADOR VALADARES,132,1.6,1.5,0.44,1.0,2.8,22,14.29
automatica,GRAJAU,54,1.57,1.55,0.17,1.3,1.8,100,64.94
automatica,GUANAMBI,135,3.87,3.9,0.98,2.0,6.3,19,12.34
automatica,GUANHAES,152,1.62,1.6,0.37,0.9,2.5,2,1.3
automatica,GUARAMIRANGA,95,3.15,3.3,0.65,1.0,4.1,59,38.31
automatica,GUARANTA DO NORTE,118,0.71,0.7,0.22,0.0,1.3,36,23.38
automatica,GUARDA-MOR,125,1.58,1.5,0.64,0.3,3.7,29,18.83
automatica,GUIRATINGA,132,0.75,0.8,0.46,0.0,1.6,22,14.29
automatica,GURUPI,135,1.16,1.1,0.21,0.7,1.6,19,12.34
automatica,HUMAITA,85,1.0,1.2,0.42,0.1,1.5,69,44.81
automatica,IBIMIRIM,137,2.95,2.9,0.51,1.9,4.5,17,11.04
automatica,IBIRITE (ROLA MOCA),150,3.55,3.7,0.94,1.0,5.3,4,2.6
automatica,IBIRUBA,134,2.45,2.4,0.23,1.9,3.2,9,6.29
automatica,IBITINGA,145,1.52,1.5,0.51,0.2,2.7,9,5.84
automatica,IBOTIRAMA,131,1.7,1.6,0.75,0.1,4.2,23,14.94
automatica,ICARAIMA,79,2.61,2.8,0.92,0.9,4.2,75,48.7
automatica,IGUAPE,116,1.28,1.3,0.31,0.4,1.9,38,24.68
automatica,IGUATU,110,2.43,2.45,0.63,1.4,3.8,44,28.57
automatica,ILHA DE TRINDADE,0,,,,,,10,100.0
automatica,ILHA DO MEL,57,2.58,2.6,0.39,1.8,3.4,17,22.97
automatica,ILHEUS,110,2.16,2.1,0.14,1.9,2.6,44,28.57
automatica,IMPERATRIZ,139,0.73,0.7,0.51,0.0,3.8,15,9.74
automatica,INACIO MARTINS,125,2.01,2.3,0.77,0.0,3.1,29,18.83
automatica,INDAIAL,125,0.96,1.0,0.25,0.0,1.4,29,18.83
automatica,IPANGUACU,40,2.04,2.0,0.78,0.9,3.4,44,52.38
automatica,IPERO,120,2.0,2.1,0.66,0.1,3.2,34,22.08
automatica,IPIAU,104,1.44,1.4,0.19,1.1,2.1,50,32.47
automatica,IPORA,37,1.82,1.8,0.4,1.1,2.5,100,72.99
automatica,IRECE,132,2.73,2.7,0.67,0.7,4.0,22,14.29
automatica,ITABAIANA,35,2.94,2.9,0.54,2.1,4.1,56,61.54
automatica,ITABAIANINHA,111,2.62,2.6,0.38,1.9,3.7,43,27.92
automatica,ITABERABA,151,2.01,2.0,0.48,1.2,3.2,3,1.95
automatica,ITACOATIARA,131,0.91,1.0,0.33,0.0,1.6,23,14.94
automatica,ITAITUBA,110,0.76,0.8,0.36,0.0,1.4,44,28.57
automatica,ITAJAI,140,1.56,1.6,0.26,1.0,2.3,14,9.09
automatica,ITAMARAJU,55,2.47,2.5,0.41,1.6,3.6,47,46.08
automatica,ITAOBIM,147,1.69,1.7,0.63,0.1,2.8,7,4.55
automatica,ITAPACI,114,1.08,1.1,0.37,0.1,1.8,40,25.97
automatica,ITAPETINGA,128,2.12,2.1,0.45,1.4,3.4,26,16.88
automatica,ITAPEVA,138,2.13,2.2,0.76,0.0,3.7,16,10.39
automatica,ITAPIPOCA,98,4.2,4.3,1.05,1.9,6.0,56,36.36
automatica,ITAPIRA,107,0.93,0.9,0.24,0.4,1.6,47,30.52
automatica,ITAPOA,130,0.93,1.0,0.46,0.0,1.7,24,15.58
automatica,ITAPORANGA,33,2.07,2.0,0.52,1.3,3.1,51,60.71
automatica,ITAQUIRAI,125,1.67,1.7,0.62,0.3,3.4,29,18.83
automatica,ITATIAIA - AGULHAS NEGRAS,42,2.8,2.8,0.28,2.4,3.4,22,34.38
automatica,ITAUBAL,20,1.82,1.75,0.67,0.9,2.9,67,77.01
automatica,ITIQUIRA,102,1.35,1.25,0.9,0.2,3.5,52,33.77
automatica,ITIRUCU,129,2.19,2.2,0.42,1.1,3.2,25,16.23
automatica,ITUIUTABA,129,1.47,1.4,0.41,0.7,2.6,25,16.23
automatica,ITUMBIARA,135,1.34,1.5,0.81,0.0,3.4,19,12.34
automatica,ITUPORANGA,136,0.92,0.9,0.32,0.1,1.6,18,11.69
automatica,ITUVERAVA,132,1.6,1.5,0.24,1.0,2.3,22,14.29
automatica,IVAI,126,1.48,1.5,0.38,0.1,2.2,28,18.18
automatica,IVINHEMA,102,2.43,2.4,0.3,1.7,3.3,52,33.77
automatica,JACAREPAGUA,14,2.0,2.0,0.23,1.6,2.3,4,22.22
automatica,JACOBINA,100,1.95,2.0,0.42,1.1,3.0,54,35.06
automatica,JAGUARAO,144,2.26,2.5,0.93,0.1,3.7,10,6.49
automatica,JAGUARIBE,113,2.7,2.7,0.55,1.6,3.8,41,26.62
automatica,JAGUARUANA,129,2.63,2.8,1.2,0.0,4.8,25,16.23
automatica,JALES,114,2.2,2.4,0.72,0.2,3.4,40,25.97
automatica,JANUARIA,72,1.91,1.8,0.3,1.5,2.8,29,28.71
automatica,JAPIRA,135,1.8,2.0,0.9,0.2,3.5,19,12.34
automatica,JARDIM,127,1.54,1.5,0.21,1.1,2.3,27,17.53
automatica,JATAI,140,1.52,1.6,0.32,0.8,2.4,14,9.09
automatica,JEREMOABO,93,2.63,2.6,0.51,1.6,3.8,18,16.22
automatica,JOACABA,120,2.39,2.65,0.89,0.1,3.7,34,22.08
automatica,JOAO PESSOA,110,1.81,2.0,0.61,0.9,3.0,44,28.57
automatica,JOAO PINHEIRO,135,1.68,1.9,0.88,0.1,3.3,19,12.34
automatica,JOAQUIM TAVORA,101,2.07,2.0,0.85,0.0,3.9,53,34.42
automatica,JOSE BONIFACIO,106,2.22,2.15,0.37,1.6,3.1,48,31.17
automatica,JUARA,92,0.95,1.1,0.34,0.1,1.4,62,40.26
automatica,JUINA,119,0.95,0.9,0.19,0.5,1.5,35,22.73
automatica,JUIZ DE FORA,150,2.59,2.6,0.37,1.3,3.5,4,2.6
automatica,JUTI,124,1.44,1.5,0.46,0.3,2.5,30,19.48
automatica,LABREA,115,0.79,0.8,0.16,0.4,1.0,39,25.32
automatica,LAGES,72,3.1,3.1,0.4,2.3,4.2,48,40.0
automatica,LAGOA DA CONFUSAO,77,1.19,1.2,0.12,0.9,1.6,19,19.79
automatica,LAGOA VERMELHA,146,3.18,3.1,0.32,2.6,4.1,8,5.19
automatica,LENCOIS,129,0.87,0.8,0.27,0.2,1.7,25,16.23
automatica,LINHARES,140,2.95,3.0,0.32,2.2,3.7,14,9.09
automatica,LINS,139,1.49,1.5,0.33,0.9,2.3,15,9.74
automatica,LUIZ EDUARDO MAGALHAES,143,2.5,2.5,0.59,1.3,4.3,11,7.14
automatica,LUZIANIA,143,2.55,2.5,0.42,1.4,3.8,11,7.14
automatica,Laguna - Farol de Santa Marta,113,5.44,5.9,2.48,0.0,10.1,41,26.62
automatica,MACAE,141,2.48,2.3,0.57,1.5,4.4,13,8.44
automatica,MACAJUBA,111,2.64,2.6,0.65,0.4,4.1,43,27.92
automatica,MACAPA,100,1.98,1.8,0.45,1.5,2.9,31,23.66
automatica,MACAU,105,4.35,4.4,0.87,2.2,5.6,49,31.82
automatica,MACAUBAS,30,2.28,2.3,0.32,1.7,3.3,7,18.92
automatica,MACEIO,141,2.58,2.5,0.5,1.6,3.8,13,8.44
automatica,MACHADO,82,1.26,1.5,0.69,0.0,2.3,6,6.82
automatica,MAJOR VIEIRA,144,2.0,2.0,0.45,0.5,3.1,10,6.49
automatica,MAL. CANDIDO RONDON,134,2.92,3.1,0.96,0.3,4.8,20,12.99
automatica,MANACAPURU,137,1.31,1.4,0.4,0.0,1.9,17,11.04
automatica,MANAUS,142,1.39,1.4,0.16,1.1,1.9,12,7.79
automatica,MANHUACU,140,1.93,1.9,0.42,1.2,3.0,14,9.09
automatica,MANICORE,17,1.12,1.1,0.11,0.9,1.3,137,88.96
automatica,MANTENA,147,0.91,0.9,0.29,0.4,1.8,7,4.55
automatica,MARABA,98,1.24,1.2,0.16,1.0,1.7,56,36.36
automatica,MARACAJU,90,0.99,1.0,0.35,0.0,1.7,64,41.56
automatica,MARAU,116,1.99,2.0,0.31,0.4,2.7,38,24.68
automatica,MARECHAL THAUMATURGO,25,1.36,1.4,0.12,1.2,1.5,129,83.77
automatica,MARIA DA FE,153,0.6,0.6,0.21,0.1,1.0,1,0.65
automatica,MARIANOPOLIS DO TO,106,1.79,1.8,0.23,1.3,2.5,38,26.39
automatica,MARILANDIA,78,1.23,1.2,0.21,0.9,1.8,14,15.22
automatica,MARILIA,64,1.87,1.9,0.22,1.5,2.4,26,28.89
automatica,MARINGA,150,2.04,2.0,0.25,1.3,2.7,4,2.6
automatica,MATEIROS,109,3.4,3.4,0.59,2.3,5.0,36,24.83
automatica,MAUES,102,0.47,0.5,0.11,0.2,0.7,52,33.77
automatica,MEDICILANDIA,113,0.51,0.5,0.2,0.1,1.1,41,26.62
automatica,MINA DO PALITO,83,0.94,0.9,0.06,0.8,1.1,71,46.1
automatica,MINEIROS,134,1.54,1.65,0.66,0.1,2.8,20,12.99
automatica,MIRANDA,98,0.91,1.0,0.27,0.1,1.4,56,36.36
automatica,MOCAMBINHO,146,1.04,1.0,0.25,0.6,1.7,8,5.19
automatica,MOELA,0,,,,,,65,100.0
automatica,MONTALVANIA,137,1.91,1.9,0.42,1.1,3.2,17,11.04
automatica,MONTE ALEGRE,92,2.85,2.8,0.42,2.0,3.8,56,37.84
automatica,MONTE ALEGRE DE GOIAS,139,1.66,1.6,0.41,0.8,2.9,15,9.74
automatica,MONTE VERDE,150,1.39,1.4,0.27,0.5,2.0,4,2.6
automatica,MONTEIRO,126,2.69,2.75,1.11,0.1,4.6,28,18.18
automatica,MONTES CLAROS,153,1.67,1.6,0.35,1.1,2.8,1,0.65
automatica,MORADA NOVA,143,2.54,2.4,0.77,1.1,4.1,11,7.14
automatica,MORRETES,139,0.67,0.7,0.36,0.0,1.4,15,9.74
automatica,MORRINHOS,148,1.59,1.6,0.3,0.9,2.5,6,3.9
automatica,MOSSORO,101,3.39,3.5,0.88,1.5,4.9,53,34.42
automatica,MOSTARDAS,98,5.41,5.4,0.75,3.8,7.5,56,36.36
automatica,MURIAE,139,0.88,0.8,0.34,0.4,2.1,15,9.74
automatica,NATAL,111,4.06,4.1,0.6,2.4,5.1,43,27.92
automatica,NHUMIRIM,101,1.7,1.9,0.7,0.0,3.1,53,34.42
automatica,NIQUELANDIA,74,1.79,1.8,0.54,0.0,3.1,4,5.13
automatica,NITEROI,66,1.34,1.3,0.17,1.0,1.7,10,13.16
automatica,NOSSA SENHORA DA GLORIA,32,2.85,2.8,0.37,2.1,3.7,60,65.22
automatica,NOVA FATIMA,90,3.02,3.0,0.7,0.9,4.2,64,41.56
automatica,NOVA FRIBURGO - SALINAS,39,2.07,2.0,0.26,1.6,2.6,115,74.68
automatica,NOVA MARINGA,124,0.89,1.1,0.45,0.0,1.7,30,19.48
automatica,NOVA PORTEIRINHA (JANAUBA),70,2.36,2.3,0.52,1.5,3.6,26,27.08
automatica,NOVA TEBAS,90,2.07,2.3,0.91,0.0,3.4,64,41.56
automatica,NOVA UBIRATA,104,2.42,2.4,0.42,1.4,3.8,50,32.47
automatica,NOVA VENECIA,113,2.08,2.1,0.27,1.5,2.8,24,17.52
automatica,NOVO ARIPUANA,23,0.62,0.6,0.07,0.5,0.7,41,64.06
automatica,NOVO HORIZONTE,116,3.23,3.3,0.57,1.3,4.4,38,24.68
automatica,NOVO REPARTIMENTO,82,1.36,1.4,0.14,1.2,1.7,72,46.75
automatica,OBIDOS,94,0.15,0.0,0.34,0.0,1.3,54,36.49
automatica,OEIRAS,117,1.88,1.7,0.72,1.0,4.1,37,24.03
automatica,OIAPOQUE,79,0.95,0.9,0.15,0.6,1.3,75,48.7
automatica,OLIVEIRA,55,2.63,2.6,0.29,2.2,3.2,30,35.29
automatica,OURICURI,25,2.27,2.1,0.53,1.6,3.5,129,83.77
automatica,OURINHOS,105,1.21,0.9,0.8,0.5,4.0,49,31.82
automatica,OURO BRANCO,131,2.11,2.1,0.22,1.7,2.8,23,14.94
automatica,PACAJA,72,0.82,0.9,0.44,0.0,1.8,82,53.25
automatica,PALMARES,121,2.03,2.0,0.2,1.6,2.6,33,21.43
automatica,PALMAS,138,1.42,1.3,0.5,0.6,3.5,16,10.39
automatica,PALMEIRA DAS MISSOES,140,2.28,2.5,0.81,0.1,3.7,14,9.09
automatica,PALMEIRA DOS INDIOS,130,2.11,2.1,1.05,0.0,3.9,24,15.58
automatica,PAO DE ACUCAR,118,1.71,1.8,0.7,0.2,3.1,36,23.38
automatica,PARACATU,56,2.01,2.0,0.26,1.6,2.5,24,30.0
automatica,PARAGOMINAS,108,1.14,1.1,0.6,0.0,3.1,46,29.87
automatica,PARANA,133,0.8,0.7,0.36,0.1,1.7,21,13.64
automatica,PARANAIBA,105,1.6,1.8,0.71,0.0,2.6,49,31.82
automatica,PARANAPOEMA,129,2.6,2.7,0.85,0.0,4.1,25,16.23
automatica,PARANATINGA,77,1.45,1.5,0.51,0.0,2.2,77,50.0
automatica,PARANOA (COOPA-DF),89,2.23,2.2,0.31,1.7,3.3,4,4.3
automatica,PARATY,140,1.53,1.5,0.16,1.0,2.0,14,9.09
automatica,PARAUNA,131,1.02,1.0,0.27,0.4,1.8,23,14.94
automatica,PARINTINS,102,0.74,0.95,0.72,0.0,2.2,52,33.77
automatica,PARNAIBA,125,3.07,2.9,1.15,0.0,5.3,29,18.83
automatica,PARQUE ESTADUAL CHANDLESS,96,0.65,0.7,0.18,0.3,1.1,58,37.66
automatica,PASSA QUATRO,144,2.1,2.1,0.32,1.4,2.9,10,6.49
automatica,PASSO FUNDO,150,3.19,3.2,0.43,1.2,4.3,4,2.6
automatica,PASSOS,124,1.54,1.6,0.55,0.2,2.6,30,19.48
automatica,PATOS,111,3.21,3.3,1.01,0.6,4.8,43,27.92
automatica,PATOS DE MINAS,59,1.64,1.6,0.29,0.8,2.4,31,34.44
automatica,PATROCINIO,143,1.08,1.1,0.35,0.4,2.1,11,7.14
automatica,PAULISTANA,111,3.32,3.5,0.98,0.6,5.4,43,27.92
automatica,PAULO AFONSO,59,3.97,4.0,0.61,1.7,4.8,4,6.35
automatica,PEDRO AFONSO,126,0.7,0.7,0.25,0.1,1.2,28,18.18
automatica,PEIXE,117,1.28,1.4,0.44,0.0,2.2,37,24.03
automatica,PETROLINA,134,3.44,3.5,0.65,0.4,4.7,20,12.99
automatica,PIATA,152,2.6,2.6,0.4,1.5,3.6,2,1.3
automatica,PICO DO COUTO,90,4.58,4.5,0.54,3.3,6.0,64,41.56
automatica,PICOS,72,2.2,2.2,0.51,1.3,3.7,82,53.25
automatica,PILAO ARCADO,36,2.43,2.5,0.56,1.6,4.1,41,53.25
automatica,PIRACICABA,121,1.81,1.8,0.41,0.9,2.9,33,21.43
automatica,PIRANHAS,67,2.63,2.6,0.66,1.3,4.2,19,22.09
automatica,PIRAPORA,147,1.32,1.3,0.31,0.6,2.1,7,4.55
automatica,PIRES DO RIO,144,0.8,0.9,0.48,0.0,1.8,10,6.49
automatica,PIRIPIRI,127,1.77,1.7,0.37,0.9,2.7,27,17.53
automatica,PIUM,78,1.3,1.3,0.14,1.1,1.8,25,24.27
automatica,PLACAS,112,0.76,0.8,0.19,0.4,1.2,42,27.27
automatica,PLANALTO,115,2.42,2.7,0.84,0.3,3.7,39,25.32
automatica,POCO VERDE,104,2.24,2.5,1.42,0.0,4.6,50,32.47
automatica,POMPEU,51,2.07,2.1,0.33,1.4,2.7,60,54.05
automatica,PONTA PORA,118,2.57,2.55,0.35,1.9,3.4,36,23.38
automatica,PONTES E LACERDA,133,1.09,1.1,0.26,0.1,1.6,21,13.64
automatica,PORANGATU,56,1.11,1.1,0.2,0.7,1.5,98,63.64
automatica,PORTO ALEGRE - JARDIM BOTANICO,153,1.46,1.5,0.23,0.9,1.9,1,0.65
automatica,PORTO DE MOZ,19,1.01,1.0,0.07,0.9,1.1,12,38.71
automatica,PORTO ESTRELA,117,0.85,1.0,0.41,0.0,1.4,37,24.03
automatica,PORTO GRANDE,76,1.56,1.5,0.32,1.0,2.2,78,50.65
automatica,PORTO MURTINHO,99,1.51,1.6,0.59,0.0,2.6,55,35.71
automatica,PORTO SEGURO,104,1.42,1.4,0.21,1.0,2.1,50,32.47
automatica,PORTO VELHO,70,1.34,1.3,0.16,0.8,1.8,84,54.55
automatica,PORTO WALTER,73,1.3,1.3,0.14,1.0,1.7,81,52.6
automatica,POSSE,127,2.24,2.1,0.46,1.4,3.4,27,17.53
automatica,PRADOPOLIS,151,2.03,2.0,0.42,1.1,3.0,3,1.95
automatica,PREGUICAS,78,2.44,2.95,1.93,0.0,5.4,76,49.35
automatica,PRESIDENTE FIGUEIREDO,108,0.62,0.6,0.18,0.1,1.1,46,29.87
automatica,PRESIDENTE KENNEDY,125,3.62,3.6,0.73,2.4,6.1,29,18.83
automatica,PRESIDENTE PRUDENTE,149,1.45,1.4,0.35,0.0,2.2,5,3.25
automatica,PRIMAVERA DO LESTE,57,2.71,2.8,0.48,1.6,3.8,28,32.94
automatica,Paty do Alferes - Avelar,23,1.19,1.2,0.18,0.9,1.5,1,4.17
automatica,QUARAI,136,2.44,2.6,0.83,0.3,3.9,18,11.69
automatica,QUEIMADAS,122,3.23,3.2,0.59,2.0,4.5,32,20.78
automatica,QUERENCIA,107,1.06,1.0,0.33,0.4,1.9,47,30.52
automatica,QUIXADA,16,2.08,2.15,0.5,1.2,2.8,64,80.0
automatica,QUIXERAMOBIM,96,2.02,1.9,1.22,0.2,4.9,58,37.66
automatica,RANCHARIA,126,1.45,1.5,0.42,0.1,2.4,28,18.18
automatica,RANCHO QUEIMADO,61,2.09,2.1,0.22,1.3,2.5,41,40.2
automatica,RECIFE,96,1.54,1.5,0.34,0.0,2.2,23,19.33
automatica,REDENCAO,56,1.47,1.45,0.14,1.2,1.8,8,12.5
automatica,REGISTRO,27,1.76,1.7,0.29,1.4,2.5,66,70.97
automatica,REMANSO,124,3.37,3.4,0.75,1.9,5.2,30,19.48
automatica,RESENDE,141,1.84,1.8,0.23,1.4,2.5,13,8.44
automatica,RIBEIRA DO AMPARO,68,2.22,2.15,0.43,1.6,3.3,6,8.11
automatica,RIO BRANCO,77,1.11,0.8,0.61,0.1,2.1,77,50.0
automatica,RIO BRILHANTE,151,1.32,1.4,0.64,0.0,2.6,3,1.95
automatica,RIO CLARO,65,1.61,1.6,0.2,1.2,2.1,36,35.64
automatica,RIO DE JANEIRO - FORTE DE COPACABANA,149,2.58,2.5,0.44,1.8,3.8,5,3.25
automatica,RIO DE JANEIRO - JACAREPAGUA,84,0.78,0.8,0.12,0.5,1.0,3,3.45
automatica,RIO DE JANEIRO - VILA MILITAR,148,1.3,1.3,0.26,0.6,1.9,6,3.9
automatica,RIO DE JANEIRO-MARAMBAIA,137,3.4,3.4,0.34,2.7,4.2,17,11.04
automatica,RIO DO CAMPO,119,0.8,0.8,0.33,0.0,1.5,35,22.73
automatica,RIO GRANDE,142,3.19,3.2,0.47,2.0,4.4,12,7.79
automatica,RIO NEGRINHO,142,1.0,1.0,0.65,0.0,2.1,12,7.79
automatica,RIO PARDO,137,2.44,2.4,0.46,0.6,3.4,17,11.04
automatica,RIO PARDO DE MINAS,149,2.01,2.2,0.77,0.0,3.5,5,3.25
automatica,RIO SONO,66,1.67,1.6,0.25,1.3,2.2,33,33.33
automatica,RIO URUBU,129,0.59,0.6,0.2,0.1,1.0,25,16.23
automatica,RIO VERDE,120,1.7,1.8,0.5,0.1,2.5,34,22.08
automatica,RONDON DO PARA,114,1.22,1.2,0.36,0.2,2.0,40,25.97
automatica,RONDONOPOLIS,128,1.28,1.3,0.27,0.4,1.9,26,16.88
automatica,ROSARIO OESTE,49,1.07,1.1,0.14,0.8,1.4,17,25.76
automatica,S. G. DA CACHOEIRA,73,0.85,0.8,0.06,0.7,1.0,81,52.6
automatica,S.J. DO RIO CLARO,108,0.79,0.9,0.48,0.0,1.6,46,29.87
automatica,SACRAMENTO,143,1.88,1.9,0.33,1.1,2.6,11,7.14
automatica,SALGUEIRO,50,2.06,2.2,0.61,0.9,3.1,36,41.86
automatica,SALINAS,136,1.3,1.3,0.43,0.1,2.4,18,11.69
automatica,SALINOPOLIS,105,2.1,2.0,1.21,0.1,4.4,49,31.82
automatica,SALTO DO CEU,126,1.28,1.3,0.27,0.6,2.1,28,18.18
automatica,SALVADOR,147,1.44,1.4,0.22,1.0,2.1,7,4.55
automatica,SALVADOR (RADIO FAROL),39,1.44,1.4,0.28,1.0,1.9,41,51.25
automatica,SANTA CRUZ,103,2.51,2.6,0.38,1.6,3.2,51,33.12
automatica,SANTA FE DO ARAGUAIA,55,1.99,1.9,0.26,1.5,2.7,45,45.0
automatica,SANTA MARIA,129,1.99,2.0,0.3,1.3,2.8,25,16.23
automatica,SANTA MARIA DAS BARREIRAS,34,1.94,1.9,0.29,1.5,2.5,13,27.66
automatica,SANTA MARIA MADALENA,66,0.52,0.5,0.21,0.0,0.9,7,9.59
automatica,SANTA RITA DE CASSIA,95,1.69,1.6,0.21,1.4,2.4,59,38.31
automatica,SANTA ROSA,115,1.74,1.7,0.27,0.7,2.5,39,25.32
automatica,SANTA ROSA DO TOCANTINS,58,2.14,2.15,0.36,1.6,3.2,53,47.75
automatica,SANTA TERESA,133,1.86,1.9,0.34,0.9,2.7,21,13.64
automatica,SANTANA DO ARAGUAIA,102,1.19,1.2,0.27,0.5,1.8,52,33.77
automatica,SANTANA DO LIVRAMENTO,101,2.44,2.7,0.87,0.1,3.6,53,34.42
automatica,SANTAREM,72,1.26,1.2,0.21,1.0,2.0,38,34.55
automatica,SANTIAGO,120,2.14,2.0,0.48,1.0,3.7,34,22.08
automatica,SANTO ANTONIO DO LESTE,121,2.01,2.1,0.75,0.1,3.8,33,21.43
automatica,SANTO AUGUSTO,142,1.79,2.1,0.93,0.0,3.2,12,7.79
automatica,SAO BORJA,130,1.77,2.15,1.1,0.0,3.5,24,15.58
automatica,SAO CARLOS,143,1.69,1.8,0.43,0.8,2.6,11,7.14
automatica,SAO FELIX DO ARAGUAIA,91,1.35,1.4,0.39,0.2,2.1,63,40.91
automatica,SAO FELIX DO XINGU,55,1.6,1.6,0.15,1.4,2.1,41,42.71
automatica,SAO GABRIEL,143,2.09,2.2,0.56,0.2,3.0,11,7.14
automatica,SAO GABRIEL DO OESTE,123,1.37,1.4,0.68,0.2,2.9,31,20.13
automatica,SAO GONCALO,147,1.75,1.7,0.66,0.3,3.5,7,4.55
automatica,SAO JOAO DEL REI,138,2.33,2.3,0.31,1.6,3.0,16,10.39
automatica,SAO JOAO DO PIAUI,110,2.07,2.05,0.7,0.9,3.7,44,28.57
automatica,SAO JOAQUIM,149,2.19,2.3,0.57,0.9,3.2,5,3.25
automatica,SAO JOSE DO XINGU,28,1.42,1.4,0.23,1.0,1.9,41,59.42
automatica,SAO JOSE DOS AUSENTES,68,5.62,5.6,0.43,4.3,6.6,86,55.84
automatica,SAO LUIS,146,1.81,1.7,0.65,0.5,3.1,8,5.19
automatica,SAO LUIS DO QUITUNDE,110,1.83,1.8,0.28,1.3,2.4,44,28.57
automatica,SAO LUIZ DO PARAITINGA,123,1.36,1.4,0.34,0.1,2.0,31,20.13
automatica,SAO LUIZ GONZAGA,134,2.68,2.7,0.34,1.2,3.4,20,12.99
automatica,SAO MATEUS,150,2.42,2.4,0.39,1.6,3.4,4,2.6
automatica,SAO MATEUS DO SUL,141,0.57,0.6,0.17,0.1,0.9,13,8.44
automatica,SAO MIGUEL ARCANJO,126,2.23,2.25,0.56,0.3,3.4,28,18.18
automatica,SAO MIGUEL DO ARAGUAIA,34,1.96,1.9,0.27,1.3,2.6,55,61.8
automatica,SAO MIGUEL DO OESTE,119,2.79,2.8,0.32,2.1,3.7,35,22.73
automatica,SAO PAULO - INTERLAGOS,73,1.95,1.9,0.26,1.5,2.5,7,8.75
automatica,SAO PAULO - MIRANTE,152,1.82,1.9,0.37,0.0,2.4,2,1.3
automatica,SAO PEDRO DO PIAUI,83,1.75,1.7,0.22,1.4,2.4,12,12.63
automatica,SAO RAIMUNDO NONATO,109,1.9,1.8,0.59,0.7,3.7,45,29.22
automatica,SAO ROMAO,140,1.28,1.2,0.29,0.8,2.2,14,9.09
automatica,SAO SEBASTIAO,23,3.18,3.2,0.4,2.5,4.0,31,57.41
automatica,SAO SEBASTIAO DO PARAISO,92,1.75,1.7,0.18,1.4,2.2,19,17.12
automatica,SAO SIMAO,158,1.82,1.85,0.55,0.0,3.4,60,27.52
automatica,SAO VICENTE DO SUL,94,3.2,3.2,0.49,2.2,4.3,9,8.74
automatica,SAPEZAL,71,2.79,2.9,0.43,1.9,3.7,14,16.47
automatica,SAQUAREMA - SAMPAIO CORREIA,101,1.77,1.7,0.31,1.2,3.0,9,8.18
automatica,SENHOR DO BONFIM,127,2.7,2.9,0.82,0.0,4.0,27,17.53
automatica,SERAFINA CORREA,101,1.24,1.2,0.14,0.8,1.6,3,2.88
automatica,SEROPEDICA-ECOLOGIA AGRICOLA,154,1.95,1.9,0.36,1.1,2.8,0,0.0
automatica,SERRA DOS AIMORES,132,2.71,2.6,0.5,1.9,3.9,22,14.29
automatica,SERRA DOS CARAJAS,75,2.79,2.8,0.46,0.0,3.7,79,51.3
automatica,SERRA NOVA DOURADA,33,2.75,2.6,0.5,2.0,3.8,35,51.47
automatica,SERRA TALHADA,125,2.44,2.4,0.5,1.5,3.7,29,18.83
automatica,SERRINHA,117,2.75,2.8,0.4,2.1,3.6,37,24.03
automatica,SETE LAGOAS,71,1.92,1.9,0.31,1.4,2.8,30,29.7
automatica,SETE QUEDAS,120,1.67,1.9,1.01,0.1,3.6,34,22.08
automatica,SIDROLANDIA,115,2.07,2.1,0.29,1.5,2.9,39,25.32
automatica,SILVA JARDIM,106,1.28,1.3,0.24,0.8,2.0,5,4.5
automatica,SILVANIA,149,1.07,1.1,0.23,0.6,1.7,5,3.25
automatica,SINOP,96,1.74,1.7,0.3,1.1,2.6,58,37.66
automatica,SOBRAL,116,1.62,1.65,0.96,0.1,3.4,38,24.68
automatica,SOLEDADE,139,3.82,4.0,0.81,1.7,5.7,15,9.74
automatica,SONORA,121,3.25,3.2,0.44,2.4,4.4,23,15.97
automatica,SORRISO,119,1.24,1.5,0.78,0.0,2.7,35,22.73
automatica,SOURE,92,2.29,2.4,0.92,0.1,3.8,62,40.26
automatica,SURUBIM,112,2.87,3.2,1.26,0.0,4.7,42,27.27
automatica,Santa Vitoria do Palmar - Barra do Chui,134,4.94,5.0,0.63,3.5,6.2,20,12.99
automatica,TANGARA DA SERRA,124,1.98,2.1,0.8,0.0,3.5,30,19.48
automatica,TARTARUGALZINHO,48,2.1,2.1,0.3,1.5,2.6,30,38.46
automatica,TAUA,103,2.39,2.4,0.88,0.0,3.8,51,33.12
automatica,TAUBATE,126,1.88,1.8,0.29,1.2,2.6,28,18.18
automatica,TEOFILO OTONI,134,1.69,1.65,0.51,0.6,2.8,20,12.99
automatica,TERESINA,129,1.17,1.1,0.27,0.8,1.9,25,16.23
automatica,TERESOPOLIS-PARQUE NACIONAL,147,0.71,0.7,0.28,0.2,1.3,7,4.55
automatica,TEUTONIA,137,1.86,1.9,0.21,1.3,2.5,8,5.52
automatica,TIANGUA,51,3.43,3.4,0.54,2.3,4.5,29,36.25
automatica,TIMOTEO,142,0.83,0.8,0.35,0.0,1.6,12,7.79
automatica,TOME ACU,102,0.86,0.85,0.24,0.3,1.4,52,33.77
automatica,TORRES,137,2.79,2.7,0.42,2.0,3.9,17,11.04
automatica,TRAMANDAI,111,3.95,4.2,1.15,0.1,5.9,43,27.92
automatica,TRES LAGOAS,108,1.19,1.2,0.32,0.2,1.8,46,29.87
automatica,TRES MARIAS,144,2.33,2.4,0.61,0.2,3.8,10,6.49
automatica,TRES RIOS,95,0.87,0.8,0.16,0.5,1.2,6,5.94
automatica,TUCUMA,51,1.16,1.1,0.1,1.0,1.5,103,66.88
automatica,TUCURUI,125,0.51,0.5,0.3,0.1,1.4,29,18.83
automatica,TUPA,68,2.75,2.7,0.34,2.2,3.5,22,24.44
automatica,TUPANCIRETA,91,2.17,2.2,0.21,1.6,2.7,8,8.08
automatica,TURIACU,107,2.27,2.3,0.97,0.3,3.9,47,30.52
automatica,UAUA,101,3.77,3.8,0.58,2.0,4.9,28,21.71
automatica,UBERABA,74,2.39,2.3,0.33,1.8,3.5,16,17.78
automatica,UBERLANDIA,154,1.76,1.8,0.26,1.2,2.5,0,0.0
automatica,UNA,133,1.32,1.3,0.19,0.8,1.8,21,13.64
automatica,UNAI,148,1.52,1.5,0.35,0.6,2.6,6,3.9
automatica,URUCARA,120,0.74,0.7,0.14,0.5,1.2,34,22.08
automatica,URUCUI,133,0.76,0.7,0.42,0.1,2.3,21,13.64
automatica,URUGUAIANA,131,3.14,3.2,0.52,1.1,4.2,23,14.94
automatica,URUSSANGA,132,0.88,1.0,0.34,0.0,1.4,22,14.29
automatica,VACARIA,137,3.22,3.2,0.42,2.2,4.3,17,11.04
automatica,VALENCA,273,1.52,1.5,0.29,1.0,2.3,35,11.36
automatica,VALENCA DO PIAUI,124,1.96,1.85,0.56,1.1,3.5,30,19.48
automatica,VALPARAISO,129,1.93,1.9,0.51,0.6,3.4,25,16.23
automatica,VARGINHA,147,1.76,1.7,0.28,1.1,2.6,7,4.55
automatica,VENDA NOVA DO IMIGRANTE,56,1.04,1.0,0.18,0.8,1.4,37,39.78
automatica,VENTANIA,25,2.52,2.5,0.34,1.9,3.3,129,83.77
automatica,VICOSA,153,0.81,0.8,0.22,0.4,1.3,1,0.65
automatica,VILA BELA DA SANTISSIMA TRINDADE,103,1.18,1.3,0.6,0.0,2.4,51,33.12
automatica,VILA VELHA,80,2.95,2.85,0.56,2.0,4.3,13,13.98
automatica,VILHENA,104,1.73,1.7,0.15,1.4,2.2,50,32.47
automatica,VITORIA,136,1.66,1.7,0.3,1.1,2.5,18,11.69
automatica,VITORIA DA CONQUISTA,135,2.37,2.4,0.34,1.6,3.2,19,12.34
automatica,VOTUPORANGA,103,1.43,1.4,0.39,0.2,2.7,26,20.16
automatica,XANXERE,140,2.39,2.3,0.59,0.9,4.5,14,9.09
automatica,XINGUARA,30,1.51,1.5,0.18,1.3,2.0,68,69.39
automatica,ZE DOCA,20,2.09,2.0,0.43,1.6,2.7,42,67.74
convencional,AGUA BRANCA,0,,,,,,154,100.0
convencional,AIMORES,0,,,,,,31,100.0
convencional,ALAGOINHAS,0,,,,,,121,100.0
convencional,ALTAMIRA,0,,,,,,154,100.0
convencional,ALTO DA BOA VISTA,0,,,,,,154,100.0
convencional,ALTO LONGA (PILOTO DO LONGA),0,,,,,,154,100.0
convencional,ALTO PARNAIBA,0,,,,,,115,100.0
convencional,AMAPA,0,,,,,,154,100.0
convencional,ANGRA DOS REIS,0,,,,,,64,100.0
convencional,ANTONIO PRADO,0,,,,,,154,100.0
convencional,APODI,0,,,,,,154,100.0
convencional,ARACAJU,0,,,,,,108,100.0
convencional,ARACUAI,0,,,,,,154,100.0
convencional,ARAGARCAS,0,,,,,,154,100.0
convencional,ARAGUAINA,0,,,,,,154,100.0
convencional,ARAPIRACA,0,,,,,,154,100.0
convencional,ARAXA,0,,,,,,154,100.0
convencional,ARCO VERDE,0,,,,,,154,100.0
convencional,AREIA,0,,,,,,154,100.0
convencional,ARINOS,0,,,,,,154,100.0
convencional,AVARE,0,,,,,,25,100.0
convencional,AVELAR (P.DO ALFERES),0,,,,,,98,100.0
convencional,BACABAL,0,,,,,,154,100.0
convencional,BACACHERI,0,,,,,,154,100.0
convencional,BAGE,0,,,,,,154,100.0
convencional,BALSAS,0,,,,,,154,100.0
convencional,BAMBUI,0,,,,,,76,100.0
convencional,BARBACENA,0,,,,,,77,100.0
convencional,BARBALHA,0,,,,,,115,100.0
convencional,BARCELOS,0,,,,,,154,100.0
convencional,BARRA,0,,,,,,154,100.0
convencional,BARRA DO CORDA,0,,,,,,154,100.0
convencional,BARRA DO RIO GRANDE,0,,,,,,154,100.0
convencional,BARREIRAS,0,,,,,,154,100.0
convencional,BELA VISTA,0,,,,,,154,100.0
convencional,BELEM,0,,,,,,154,100.0
convencional,BELO HORIZONTE,0,,,,,,154,100.0
convencional,BELTERRA,0,,,,,,154,100.0
convencional,BENJAMIN CONSTANT,0,,,,,,154,100.0
convencional,BENTO GONCALVES,0,,,,,,24,100.0
convencional,BOA ESPERANCA,0,,,,,,141,100.0
convencional,BOA VISTA,0,,,,,,154,100.0
convencional,BOM DESPACHO,0,,,,,,85,100.0
convencional,BOM JESUS,0,,,,,,154,100.0
convencional,BOM JESUS DA LAPA,0,,,,,,154,100.0
convencional,BOM JESUS DO PIAUI,0,,,,,,139,100.0
convencional,BRASILIA,0,,,,,,154,100.0
convencional,BREVES,0,,,,,,154,100.0
convencional,C. DO MATO DENTRO,0,,,,,,154,100.0
convencional,CABROBO,0,,,,,,154,100.0
convencional,CACERES,0,,,,,,31,100.0
convencional,CAETITE,0,,,,,,91,100.0
convencional,CALDAS(P. DE CALDAS),0,,,,,,45,100.0
convencional,CALDEIRAO,0,,,,,,38,100.0
convencional,CAMBARA DO SUL,0,,,,,,115,100.0
convencional,CAMETA,0,,,,,,154,100.0
convencional,CAMPINA GRANDE,0,,,,,,154,100.0
convencional,CAMPO BELO SUL,0,,,,,,154,100.0
convencional,CAMPO BOM,0,,,,,,23,100.0
convencional,CAMPO LARGO,0,,,,,,154,100.0
convencional,CAMPO MOURAO,0,,,,,,60,100.0
convencional,CAMPOS,0,,,,,,154,100.0
convencional,CAMPOS DO JORDAO,0,,,,,,87,100.0
convencional,CAMPOS NOVOS,0,,,,,,67,100.0
convencional,CAMPOS SALES,0,,,,,,87,100.0
convencional,CANARANA,0,,,,,,154,100.0
convencional,CANAVIEIRAS,0,,,,,,115,100.0
convencional,CAPARAO,0,,,,,,154,100.0
convencional,CAPINOPOLIS,0,,,,,,80,100.0
convencional,CARACARAI,0,,,,,,154,100.0
convencional,CARACOL,0,,,,,,115,100.0
convencional,CARATINGA,0,,,,,,154,100.0
convencional,CARAVELAS,0,,,,,,154,100.0
convencional,CARBONITA,0,,,,,,154,100.0
convencional,CARINHANHA,0,,,,,,106,100.0
convencional,CARMO,0,,,,,,87,100.0
convencional,CAROLINA,0,,,,,,154,100.0
convencional,CASTRO,0,,,,,,115,100.0
convencional,CATALAO,0,,,,,,154,100.0
convencional,CATANDUVA,0,,,,,,115,100.0
convencional,CAXIAS,0,,,,,,128,100.0
convencional,CAXIAS DO SUL,0,,,,,,154,100.0
convencional,CEARA MIRIM,0,,,,,,154,100.0
convencional,CHAPADINHA,0,,,,,,154,100.0
convencional,CHAPECO,0,,,,,,61,100.0
convencional,CIPO,0,,,,,,154,100.0
convencional,COARI,0,,,,,,49,100.0
convencional,CODAJAS,0,,,,,,154,100.0
convencional,COLINAS,0,,,,,,154,100.0
convencional,CONCEICAO DO ARAGUAIA,0,,,,,,154,100.0
convencional,CORDEIRO,0,,,,,,154,100.0
convencional,CORNELIO PROCOPIO,0,,,,,,154,100.0
convencional,CORRENTINA,0,,,,,,154,100.0
convencional,CORUMBA,0,,,,,,30,100.0
convencional,CRATEUS,0,,,,,,76,100.0
convencional,CROSLANDIA,0,,,,,,154,100.0
convencional,CRUZ ALTA,0,,,,,,154,100.0
convencional,CRUZ DAS ALMAS,0,,,,,,154,100.0
convencional,CRUZEIRO DO SUL,0,,,,,,49,100.0
convencional,CRUZETA,0,,,,,,115,100.0
convencional,CUIABA,0,,,,,,154,100.0
convencional,CURITIBA,0,,,,,,115,100.0
convencional,CURVELO,0,,,,,,124,100.0
convencional,DIAMANTINA,0,,,,,,98,100.0
convencional,DIAMANTINO,0,,,,,,154,100.0
convencional,DIVINOPOLIS,0,,,,,,117,100.0
convencional,DOCAS DE SANTO (ITAPEMA),0,,,,,,154,100.0
convencional,ECOPORANGA,0,,,,,,38,100.0
convencional,EIRUNEPE,0,,,,,,154,100.0
convencional,ENCRUZILHADA DO SUL,0,,,,,,115,100.0
convencional,ESC.AGROTEC.DE MANAUS,0,,,,,,154,100.0
convencional,ESPERANTINA,0,,,,,,83,100.0
convencional,ESPINOSA,0,,,,,,87,100.0
convencional,FEIRA DE SANTANA,0,,,,,,84,100.0
convencional,FLORANIA,0,,,,,,77,100.0
convencional,FLORESTAL,0,,,,,,79,100.0
convencional,FLORIANO,0,,,,,,154,100.0
convencional,FLORIANOPOLIS,0,,,,,,99,100.0
convencional,FONTE BOA,0,,,,,,154,100.0
convencional,FORMOSA,0,,,,,,154,100.0
convencional,FORMOSO,0,,,,,,154,100.0
convencional,FORTALEZA,0,,,,,,154,100.0
convencional,FRANCA,0,,,,,,154,100.0
convencional,FRUTAL,0,,,,,,21,100.0
convencional,GARANHUNS,0,,,,,,131,100.0
convencional,GLEBA CELESTE,0,,,,,,29,100.0
convencional,GOIANA,0,,,,,,154,100.0
convencional,GOIANIA,0,,,,,,154,100.0
convencional,GOIAS,0,,,,,,70,100.0
convencional,GUARABIRA,0,,,,,,154,100.0
convencional,GUARAMIRANGA,0,,,,,,92,100.0
convencional,GUARATINGA,0,,,,,,154,100.0
convencional,GUARULHOS,0,,,,,,36,100.0
convencional,GURUPI,0,,,,,,154,100.0
convencional,IAUARETE,0,,,,,,92,100.0
convencional,IBIRITE,0,,,,,,119,100.0
convencional,IBIRUBA,0,,,,,,2,100.0
convencional,IGUABA GRANDE,0,,,,,,148,100.0
convencional,IGUATU,0,,,,,,115,100.0
convencional,IMPERATRIZ,0,,,,,,154,100.0
convencional,INDAIAL,0,,,,,,75,100.0
convencional,IPAMERI,0,,,,,,154,100.0
convencional,IRAI,0,,,,,,79,100.0
convencional,IRATI,0,,,,,,154,100.0
convencional,IRECE,0,,,,,,115,100.0
convencional,ITABAIANINHA,0,,,,,,154,100.0
convencional,ITABERABA,0,,,,,,86,100.0
convencional,ITABUNA,0,,,,,,154,100.0
convencional,ITACARAMBI,0,,,,,,154,100.0
convencional,ITACOATIARA,0,,,,,,154,100.0
convencional,ITAITUBA,0,,,,,,154,100.0
convencional,ITAMARANDIBA,0,,,,,,154,100.0
convencional,ITAPERUNA,0,,,,,,154,100.0
convencional,ITARANA,0,,,,,,23,100.0
convencional,ITIRUCU (JAGUAQUARA),0,,,,,,49,100.0
convencional,ITUACU,0,,,,,,115,100.0
convencional,ITUIUTABA,0,,,,,,46,100.0
convencional,ITUMBIARA,0,,,,,,5,100.0
convencional,IVAI,0,,,,,,115,100.0
convencional,IVINHEMA,0,,,,,,30,100.0
convencional,JACOBINA,0,,,,,,135,100.0
convencional,JAGUARUANA,0,,,,,,88,100.0
convencional,JANAUBA,0,,,,,,56,100.0
convencional,JANUARIA,0,,,,,,154,100.0
convencional,JATAI,0,,,,,,154,100.0
convencional,JOAO MONLEVADE,0,,,,,,89,100.0
convencional,JOAO PESSOA,0,,,,,,154,100.0
convencional,JOAO PINHEIRO,0,,,,,,73,100.0
convencional,JUAZEIRO DO NORTE,0,,,,,,154,100.0
convencional,JUIZ DE FORA,0,,,,,,154,100.0
convencional,JURAMENTO,0,,,,,,146,100.0
convencional,LABREA,0,,,,,,154,100.0
convencional,LAGES,0,,,,,,64,100.0
convencional,LAGOA VERMELHA,0,,,,,,154,100.0
convencional,LAMBARI,0,,,,,,7,100.0
convencional,LAVRAS,0,,,,,,154,100.0
convencional,LENCOIS,0,,,,,,154,100.0
convencional,LOANDA,0,,,,,,154,100.0
convencional,LONDRINA,0,,,,,,154,100.0
convencional,LUZIANIA,0,,,,,,154,100.0
convencional,LUZILANDIA(LAG.DO PIAUI),0,,,,,,154,100.0
convencional,MACAIBA,0,,,,,,154,100.0
convencional,MACAPA,0,,,,,,154,100.0
convencional,MACAU,0,,,,,,79,100.0
convencional,MACEIO,0,,,,,,112,100.0
convencional,MACHADO,0,,,,,,125,100.0
convencional,MAJOR ISIDORO,0,,,,,,154,100.0
convencional,MANAUS,0,,,,,,154,100.0
convencional,MANICORE,0,,,,,,126,100.0
convencional,MARABA,0,,,,,,154,100.0
convencional,MARIA DA FE,0,,,,,,56,100.0
convencional,MARICA,0,,,,,,77,100.0
convencional,MARILANDIA (COLATINA),0,,,,,,53,100.0
convencional,MARINGA,0,,,,,,154,100.0
convencional,MATA GRANDE,0,,,,,,154,100.0
convencional,MATEUS LEME,0,,,,,,154,100.0
convencional,MATUPA,0,,,,,,111,100.0
convencional,MOCAMBINHO,0,,,,,,7,100.0
convencional,MONTE ALEGRE,0,,,,,,154,100.0
convencional,MONTE AZUL,0,,,,,,49,100.0
convencional,MONTE SANTO,0,,,,,,100,100.0
convencional,MONTEIRO,0,,,,,,154,100.0
convencional,MONTES CLAROS,0,,,,,,154,100.0
convencional,MORADA NOVA,0,,,,,,154,100.0
convencional,MORRO DO CHAPEU,0,,,,,,154,100.0
convencional,MORRO DOS CAVALOS,0,,,,,,38,100.0
convencional,MUCURI,0,,,,,,154,100.0
convencional,MUNIZ FREIRE,0,,,,,,148,100.0
convencional,NANUQUE-ALCANA,0,,,,,,154,100.0
convencional,NATAL,0,,,,,,154,100.0
convencional,NAZARE DA MATA,0,,,,,,154,100.0
convencional,NHUMIRIM (NHECOLANDIA),0,,,,,,95,100.0
convencional,NOVA CRUZ,0,,,,,,154,100.0
convencional,NOVA XAV.(XAVANTINA),0,,,,,,154,100.0
convencional,OBIDOS,0,,,,,,115,100.0
convencional,OLINDA,0,,,,,,154,100.0
convencional,OLIVEIRA,0,,,,,,70,100.0
convencional,OURICURI,0,,,,,,154,100.0
convencional,PADRE RICARDO REMETTER,0,,,,,,154,100.0
convencional,PALMAS,0,,,,,,154,100.0
convencional,PALMEIRA DOS INDIOS,0,,,,,,154,100.0
convencional,PAO DE ACUCAR,0,,,,,,154,100.0
convencional,PARACATU,0,,,,,,119,100.0
convencional,PARANAGUA,0,,,,,,116,100.0
convencional,PARANAIBA,0,,,,,,154,100.0
convencional,PARINTINS,0,,,,,,49,100.0
convencional,PARNAIBA,0,,,,,,81,100.0
convencional,PASSA QUATRO,0,,,,,,154,100.0
convencional,PASSO FUNDO,0,,,,,,154,100.0
convencional,PATOS,0,,,,,,154,100.0
convencional,PATOS DE MINAS,0,,,,,,77,100.0
convencional,PAULISTANA,0,,,,,,154,100.0
convencional,PAULO AFONSO,0,,,,,,40,100.0
convencional,PEDRA AZUL,0,,,,,,154,100.0
convencional,PEDRO AFONSO,0,,,,,,154,100.0
convencional,PEIXE,0,,,,,,154,100.0
convencional,PELOTAS,0,,,,,,154,100.0
convencional,PESQUEIRA,0,,,,,,47,100.0
convencional,PETROLINA,0,,,,,,154,100.0
convencional,PICOS,0,,,,,,130,100.0
convencional,PILAR (MANGUABA),0,,,,,,154,100.0
convencional,PIRAPORA,0,,,,,,94,100.0
convencional,PIRENOPOLIS,0,,,,,,154,100.0
convencional,PIRIPIRI,0,,,,,,115,100.0
convencional,POMPEU,0,,,,,,48,100.0
convencional,PONTA PORA,0,,,,,,49,100.0
convencional,PORANGATU,0,,,,,,154,100.0
convencional,PORTEIRINHA,0,,,,,,154,100.0
convencional,PORTO ALEGRE,0,,,,,,154,100.0
convencional,PORTO DE MOZ,0,,,,,,154,100.0
convencional,PORTO DE PEDRAS,0,,,,,,154,100.0
convencional,PORTO LUCENA,0,,,,,,154,100.0
convencional,PORTO NACIONAL,0,,,,,,154,100.0
convencional,POSSE,0,,,,,,154,100.0
convencional,POXOREU,0,,,,,,115,100.0
convencional,PRESIDENTE PRUDENTE,0,,,,,,5,100.0
convencional,PROPRIA,0,,,,,,154,100.0
convencional,QUIXADA,0,,,,,,154,100.0
convencional,QUIXERAMOBIM,0,,,,,,154,100.0
convencional,REALENGO,0,,,,,,125,100.0
convencional,RECIFE (CURADO),0,,,,,,104,100.0
convencional,REMANSO,0,,,,,,115,100.0
convencional,RESENDE,0,,,,,,154,100.0
convencional,RIO BONITO,0,,,,,,89,100.0
convencional,RIO BRANCO,0,,,,,,140,100.0
convencional,RIO DE JANEIRO,0,,,,,,64,100.0
convencional,RIO GRANDE,0,,,,,,37,100.0
convencional,RIO VERDE,0,,,,,,154,100.0
convencional,RONCADOR,0,,,,,,69,100.0
convencional,RONDONOPOLIS,0,,,,,,49,100.0
convencional,SALINAS,0,,,,,,154,100.0
convencional,SALVADOR (ONDINA),0,,,,,,154,100.0
convencional,SANTA CRUZ,0,,,,,,96,100.0
convencional,SANTA MARIA,0,,,,,,154,100.0
convencional,SANTA MARIA MADALENA,0,,,,,,154,100.0
convencional,SANTA VITORIA DO PALMAR,0,,,,,,154,100.0
convencional,SANTANA DO LIVRAMENTO,0,,,,,,24,100.0
convencional,SANTO ANTONIO DE PADUA,0,,,,,,154,100.0
convencional,SAO CARLOS,0,,,,,,150,100.0
convencional,SAO FELIX DO XINGU,0,,,,,,115,100.0
convencional,SAO GABRIEL DA CACHOEIRA(UAUPES),0,,,,,,154,100.0
convencional,SAO GONCALO,0,,,,,,154,100.0
convencional,SAO JOAO DO PIAUI,0,,,,,,154,100.0
convencional,SAO JOAQUIM,0,,,,,,65,100.0
convencional,SAO JOSE DO BARREIRO,0,,,,,,154,100.0
convencional,SAO JOSE DO RIO CLARO,0,,,,,,49,100.0
convencional,SAO LOURENCO,0,,,,,,154,100.0
convencional,SAO LUIS,0,,,,,,154,100.0
convencional,SAO LUIZ GONZAGA,0,,,,,,154,100.0
convencional,SAO MATEUS,0,,,,,,115,100.0
convencional,SAO PAULO(MIR.de SANTANA),0,,,,,,154,100.0
convencional,SAO S.DO PARAISO,0,,,,,,27,100.0
convencional,SAO SIMAO,0,,,,,,154,100.0
convencional,SAO VICENTE,0,,,,,,154,100.0
convencional,SERIDO (CAICO),0,,,,,,154,100.0
convencional,SERRINHA,0,,,,,,150,100.0
convencional,SETE LAGOAS,0,,,,,,55,100.0
convencional,SOBRAL,0,,,,,,104,100.0
convencional,SOROCABA,0,,,,,,303,100.0
convencional,SOURE,0,,,,,,115,100.0
convencional,STa. R. DE CASSIA (IBIPETUBA),0,,,,,,120,100.0
convencional,SURUBIM,0,,,,,,154,100.0
convencional,TAGUATINGA,0,,,,,,154,100.0
convencional,TAPACURA,0,,,,,,154,100.0
convencional,TARAUACA,0,,,,,,154,100.0
convencional,TAUA,0,,,,,,115,100.0
convencional,TAUBATE,0,,,,,,32,100.0
convencional,TEFE,0,,,,,,154,100.0
convencional,TEOFILO OTONI,0,,,,,,87,100.0
convencional,TERESINA,0,,,,,,154,100.0
convencional,TERESOPOLIS,0,,,,,,154,100.0
convencional,TORRES,0,,,,,,112,100.0
convencional,TRACUATEUA,0,,,,,,154,100.0
convencional,TRES PASSOS,0,,,,,,154,100.0
convencional,TRIUNFO,0,,,,,,93,100.0
convencional,TUCURUI,0,,,,,,154,100.0
convencional,TURIACU,0,,,,,,154,100.0
convencional,UBERABA,0,,,,,,80,100.0
convencional,UNAI,0,,,,,,154,100.0
convencional,URUGUAIANA,0,,,,,,87,100.0
convencional,URUSSANGA,0,,,,,,69,100.0
convencional,VALE DO GURGUEIA (CRISTIANO CASTRO),0,,,,,,78,100.0
convencional,VICOSA,0,,,,,,75,100.0
convencional,VICOSA DO CEARA,0,,,,,,154,100.0
convencional,VILA DEODORO,0,,,,,,154,100.0
convencional,VITORIA,0,,,,,,154,100.0
convencional,VITORIA DA CONQUISTA,0,,,,,,154,100.0
convencional,VOTUPORANGA,0,,,,,,115,100.0
convencional,ZE DOCA,0,,,,,,154,100.0
